{
  "block_size": 128,
  "fills": [
    "zero",
    "mean_a1.5",
    "uta16_a1.5"
  ],
  "lambdas": [
    0.03,
    0.1,
    0.2
  ],
  "workloads": [
    {
      "path": "/home/dongyunz/dataset/v-dit/wan21_p1/layer_30/timestep_0.pt",
      "shape": [
        1,
        69120,
        40,
        128
      ],
      "dense_fp8_vs_sdpa": {
        "mse": 2.6834446543944068e-05,
        "rmse": 0.005180197539085172,
        "cosine": 0.9996233582496643,
        "rel_l2": 0.02746996283531189,
        "max_abs_err": 0.380859375
      },
      "rows": [
        {
          "path": "/home/dongyunz/dataset/v-dit/wan21_p1/layer_30/timestep_0.pt",
          "shape": [
            1,
            69120,
            40,
            128
          ],
          "fill": "zero",
          "lambda": 0.03,
          "seconds": 0.6423418521881104,
          "skip_stats": {
            "row_skip_ratio": 0.3664815672153635,
            "tile_skip_ratio": 0.0
          },
          "vs_sdpa": {
            "mse": 0.0003764161665458232,
            "rmse": 0.019401447537382956,
            "cosine": 0.9951271414756775,
            "rel_l2": 0.10288354009389877,
            "max_abs_err": 1.15625
          },
          "vs_dense_fp8": {
            "mse": 0.0003529252135194838,
            "rmse": 0.018786303881271692,
            "cosine": 0.9954807162284851,
            "rel_l2": 0.09977640956640244,
            "max_abs_err": 1.142578125
          }
        },
        {
          "path": "/home/dongyunz/dataset/v-dit/wan21_p1/layer_30/timestep_0.pt",
          "shape": [
            1,
            69120,
            40,
            128
          ],
          "fill": "mean_a1.5",
          "lambda": 0.03,
          "seconds": 0.7727952003479004,
          "skip_stats": {
            "row_skip_ratio": 0.3664815672153635,
            "tile_skip_ratio": 0.0
          },
          "vs_sdpa": {
            "mse": 0.000106537583633326,
            "rmse": 0.010321704492637153,
            "cosine": 0.998542845249176,
            "rel_l2": 0.05473475530743599,
            "max_abs_err": 0.5078125
          },
          "vs_dense_fp8": {
            "mse": 7.904758240329102e-05,
            "rmse": 0.008890870733695941,
            "cosine": 0.9989376068115234,
            "rel_l2": 0.04722052440047264,
            "max_abs_err": 0.501708984375
          }
        },
        {
          "path": "/home/dongyunz/dataset/v-dit/wan21_p1/layer_30/timestep_0.pt",
          "shape": [
            1,
            69120,
            40,
            128
          ],
          "fill": "uta16_a1.5",
          "lambda": 0.03,
          "seconds": 1.2308599948883057,
          "skip_stats": {
            "row_skip_ratio": 0.3664815672153635,
            "tile_skip_ratio": 0.0
          },
          "vs_sdpa": {
            "mse": 8.818149217404425e-05,
            "rmse": 0.009390500102446315,
            "cosine": 0.9987722039222717,
            "rel_l2": 0.0497966930270195,
            "max_abs_err": 0.4921875
          },
          "vs_dense_fp8": {
            "mse": 6.0535629017977044e-05,
            "rmse": 0.007780464575973407,
            "cosine": 0.9991651177406311,
            "rel_l2": 0.04132302105426788,
            "max_abs_err": 0.454833984375
          }
        },
        {
          "path": "/home/dongyunz/dataset/v-dit/wan21_p1/layer_30/timestep_0.pt",
          "shape": [
            1,
            69120,
            40,
            128
          ],
          "fill": "zero",
          "lambda": 0.1,
          "seconds": 0.5877425670623779,
          "skip_stats": {
            "row_skip_ratio": 0.598431541495199,
            "tile_skip_ratio": 0.0
          },
          "vs_sdpa": {
            "mse": 0.0014083851128816605,
            "rmse": 0.03752845737412691,
            "cosine": 0.9828712940216064,
            "rel_l2": 0.19900888204574585,
            "max_abs_err": 2.380859375
          },
          "vs_dense_fp8": {
            "mse": 0.001388158998452127,
            "rmse": 0.03725800583031957,
            "cosine": 0.9832003116607666,
            "rel_l2": 0.19788192212581635,
            "max_abs_err": 2.369140625
          }
        },
        {
          "path": "/home/dongyunz/dataset/v-dit/wan21_p1/layer_30/timestep_0.pt",
          "shape": [
            1,
            69120,
            40,
            128
          ],
          "fill": "mean_a1.5",
          "lambda": 0.1,
          "seconds": 0.7786803245544434,
          "skip_stats": {
            "row_skip_ratio": 0.598431541495199,
            "tile_skip_ratio": 0.0
          },
          "vs_sdpa": {
            "mse": 0.00038734267582185566,
            "rmse": 0.019681023241230514,
            "cosine": 0.9947071671485901,
            "rel_l2": 0.10436608642339706,
            "max_abs_err": 0.9326171875
          },
          "vs_dense_fp8": {
            "mse": 0.0003574081347323954,
            "rmse": 0.018905240932936968,
            "cosine": 0.9951362013816833,
            "rel_l2": 0.10040809214115143,
            "max_abs_err": 0.91064453125
          }
        },
        {
          "path": "/home/dongyunz/dataset/v-dit/wan21_p1/layer_30/timestep_0.pt",
          "shape": [
            1,
            69120,
            40,
            128
          ],
          "fill": "uta16_a1.5",
          "lambda": 0.1,
          "seconds": 1.2331368923187256,
          "skip_stats": {
            "row_skip_ratio": 0.598431541495199,
            "tile_skip_ratio": 0.0
          },
          "vs_sdpa": {
            "mse": 0.0003068487858399749,
            "rmse": 0.01751709981246824,
            "cosine": 0.9957189559936523,
            "rel_l2": 0.09289106726646423,
            "max_abs_err": 0.8818359375
          },
          "vs_dense_fp8": {
            "mse": 0.00027673080330714583,
            "rmse": 0.016635227780440694,
            "cosine": 0.9961430430412292,
            "rel_l2": 0.0883517786860466,
            "max_abs_err": 0.85986328125
          }
        },
        {
          "path": "/home/dongyunz/dataset/v-dit/wan21_p1/layer_30/timestep_0.pt",
          "shape": [
            1,
            69120,
            40,
            128
          ],
          "fill": "zero",
          "lambda": 0.2,
          "seconds": 0.5873498916625977,
          "skip_stats": {
            "row_skip_ratio": 0.75809670781893,
            "tile_skip_ratio": 0.0
          },
          "vs_sdpa": {
            "mse": 0.0034933583810925484,
            "rmse": 0.059104639251860325,
            "cosine": 0.9598149657249451,
            "rel_l2": 0.3134247958660126,
            "max_abs_err": 4.568359375
          },
          "vs_dense_fp8": {
            "mse": 0.003476040903478861,
            "rmse": 0.05895795877978528,
            "cosine": 0.9601160883903503,
            "rel_l2": 0.3131330907344818,
            "max_abs_err": 4.556640625
          }
        },
        {
          "path": "/home/dongyunz/dataset/v-dit/wan21_p1/layer_30/timestep_0.pt",
          "shape": [
            1,
            69120,
            40,
            128
          ],
          "fill": "mean_a1.5",
          "lambda": 0.2,
          "seconds": 0.7969117164611816,
          "skip_stats": {
            "row_skip_ratio": 0.75809670781893,
            "tile_skip_ratio": 0.0
          },
          "vs_sdpa": {
            "mse": 0.0008956031524576247,
            "rmse": 0.029926629487091003,
            "cosine": 0.9876683354377747,
            "rel_l2": 0.15869730710983276,
            "max_abs_err": 1.6552734375
          },
          "vs_dense_fp8": {
            "mse": 0.0008620063308626413,
            "rmse": 0.029359944326627075,
            "cosine": 0.9881380796432495,
            "rel_l2": 0.15593433380126953,
            "max_abs_err": 1.615234375
          }
        },
        {
          "path": "/home/dongyunz/dataset/v-dit/wan21_p1/layer_30/timestep_0.pt",