{
  "path": "/home/dongyunz/dataset/v-dit/wan21_p1/layer_0/timestep_0.pt",
  "shape": [
    1,
    69120,
    40,
    128
  ],
  "block_size": 128,
  "fills": [
    "zero",
    "mean_a1.5",
    "uta16_a1.5"
  ],
  "lambdas": [
    0.03,
    0.1,
    0.2
  ],
  "rows": [
    {
      "fill": "zero",
      "lambda": 0.03,
      "seconds": 1.6665091514587402,
      "skip_stats": {
        "row_skip_ratio": 0.4155036865569273,
        "tile_skip_ratio": 0.0,
        "skipped_row_blocks": 620343680.0,
        "total_row_blocks": 1492992000.0
      },
      "vs_sdpa": {
        "mse": 0.0027262691874057055,
        "rmse": 0.05221368773995671,
        "cosine": 0.9936171174049377,
        "rel_l2": 0.11967366188764572,
        "max_abs_err": 2.3125
      },
      "vs_dense_fp8": {
        "mse": 0.0004950066213496029,
        "rmse": 0.022248744264555764,
        "cosine": 0.9992614984512329,
        "rel_l2": 0.05095182731747627,
        "max_abs_err": 1.15625
      }
    },
    {
      "fill": "mean_a1.5",
      "lambda": 0.03,
      "seconds": 1.9507434368133545,
      "skip_stats": {
        "row_skip_ratio": 0.4155036865569273,
        "tile_skip_ratio": 0.0,
        "skipped_row_blocks": 620343680.0,
        "total_row_blocks": 1492992000.0
      },
      "vs_sdpa": {
        "mse": 0.002658098703250289,
        "rmse": 0.05155675225661804,
        "cosine": 0.9936859011650085,
        "rel_l2": 0.11816797405481339,
        "max_abs_err": 2.3125
      },
      "vs_dense_fp8": {
        "mse": 0.00043042973265983164,
        "rmse": 0.020746800540320225,
        "cosine": 0.9993388056755066,
        "rel_l2": 0.0475122295320034,
        "max_abs_err": 1.03125
      }
    },
    {
      "fill": "uta16_a1.5",
      "lambda": 0.03,
      "seconds": 3.4458343982696533,
      "skip_stats": {
        "row_skip_ratio": 0.4155036865569273,
        "tile_skip_ratio": 0.0,
        "skipped_row_blocks": 620343680.0,
        "total_row_blocks": 1492992000.0
      },
      "vs_sdpa": {
        "mse": 0.0025015859864652157,
        "rmse": 0.050015857350096636,
        "cosine": 0.9938189387321472,
        "rel_l2": 0.11463624238967896,
        "max_abs_err": 2.3125
      },
      "vs_dense_fp8": {
        "mse": 0.00030563370091840625,
        "rmse": 0.01748238258700473,
        "cosine": 0.9994431734085083,
        "rel_l2": 0.040036387741565704,
        "max_abs_err": 0.94921875
      }
    },
    {
      "fill": "zero",
      "lambda": 0.1,
      "seconds": 1.710557222366333,
      "skip_stats": {
        "row_skip_ratio": 0.48383449074074075,
        "tile_skip_ratio": 0.0,
        "skipped_row_blocks": 722361024.0,
        "total_row_blocks": 1492992000.0
      },
      "vs_sdpa": {
        "mse": 0.0044972263276577,
        "rmse": 0.06706136240532025,
        "cosine": 0.9907633066177368,
        "rel_l2": 0.15370450913906097,
        "max_abs_err": 3.4375
      },
      "vs_dense_fp8": {
        "mse": 0.0020875686313956976,
        "rmse": 0.0456899182686476,
        "cosine": 0.9966706037521362,
        "rel_l2": 0.10463444143533707,
        "max_abs_err": 1.912109375
      }
    },
    {
      "fill": "mean_a1.5",
      "lambda": 0.1,
      "seconds": 1.9802210330963135,
      "skip_stats": {
        "row_skip_ratio": 0.48383449074074075,
        "tile_skip_ratio": 0.0,
        "skipped_row_blocks": 722361024.0,
        "total_row_blocks": 1492992000.0
      },
      "vs_sdpa": {
        "mse": 0.004702100530266762,
        "rmse": 0.06857186398419371,
        "cosine": 0.9897164702415466,
        "rel_l2": 0.15716657042503357,
        "max_abs_err": 3.375
      },
      "vs_dense_fp8": {
        "mse": 0.0022952589206397533,
        "rmse": 0.04790886056503278,
        "cosine": 0.9956706166267395,
        "rel_l2": 0.109716035425663,
        "max_abs_err": 1.9765625
      }
    },
    {
      "fill": "uta16_a1.5",
      "lambda": 0.1,
      "seconds": 3.544236421585083,
      "skip_stats": {
        "row_skip_ratio": 0.48383449074074075,
        "tile_skip_ratio": 0.0,
        "skipped_row_blocks": 722361024.0,
        "total_row_blocks": 1492992000.0
      },
      "vs_sdpa": {
        "mse": 0.0043126242235302925,
        "rmse": 0.0656705734978026,
        "cosine": 0.989831268787384,
        "rel_l2": 0.1505168229341507,
        "max_abs_err": 3.3125
      },
      "vs_dense_fp8": {
        "mse": 0.0019710734486579895,
        "rmse": 0.044396772953199985,
        "cosine": 0.9957233667373657,
        "rel_l2": 0.10167301446199417,
        "max_abs_err": 1.771484375
      }
    },
    {
      "fill": "zero",
      "lambda": 0.2,
      "seconds": 1.724778652191162,
      "skip_stats": {
        "row_skip_ratio": 0.5667599451303155,
        "tile_skip_ratio": 0.0,
        "skipped_row_blocks": 846168064.0,
        "total_row_blocks": 1492992000.0
      },
      "vs_sdpa": {
        "mse": 0.009942477568984032,
        "rmse": 0.09971197304729273,
        "cosine": 0.9818689823150635,
        "rel_l2": 0.22853964567184448,
        "max_abs_err": 4.859375
      },
      "vs_dense_fp8": {
        "mse": 0.007172797806560993,
        "rmse": 0.0846923715960357,
        "cosine": 0.988353967666626,
        "rel_l2": 0.19395391643047333,
        "max_abs_err": 3.65625
      }
    },
    {
      "fill": "mean_a1.5",
      "lambda": 0.2,
      "seconds": 2.076157569885254,
      "skip_stats": {
        "row_skip_ratio": 0.5667599451303155,
        "tile_skip_ratio": 0.0,
        "skipped_row_blocks": 846168064.0,
        "total_row_blocks": 1492992000.0
      },
      "vs_sdpa": {
        "mse": 0.012409009970724583,
        "rmse": 0.11139573587316788,
        "cosine": 0.9745331406593323,
        "rel_l2": 0.2553187906742096,
        "max_abs_err": 4.859375
      },
      "vs_dense_fp8": {
        "mse": 0.0096378643065691,
        "rmse": 0.09817262503656046,
        "cosine": 0.9811136722564697,
        "rel_l2": 0.22482503950595856,
        "max_abs_err": 3.65625
      }
    },
    {
      "fill": "uta16_a1.5",
      "lambda": 0.2,
      "seconds": 3.576517343521118,
      "skip_stats": {
        "row_skip_ratio": 0.5667599451303155,
        "tile_skip_ratio": 0.0,
        "skipped_row_blocks": 846168064.0,
        "total_row_blocks": 1492992000.0
      },
      "vs_sdpa": {
        "mse": 0.010988227091729641,
        "rmse": 0.10482474465377743,
        "cosine": 0.9754085540771484,
        "rel_l2": 0.2402580976486206,
        "max_abs_err": 4.734375
      },
      "vs_dense_fp8": {
        "mse": 0.00834648683667183,
        "rmse": 0.09135910921562135,
        "cosine": 0.9818476438522339,
        "rel_l2": 0.20922140777111053,
        "max_abs_err": 3.53125
      }
    }
  ],
  "dense_fp8_vs_sdpa": {
    "mse": 0.002123954938724637,
    "rmse": 0.04608638561142148,
    "cosine": 0.9944261908531189,
    "rel_l2": 0.10562989860773087,
    "max_abs_err": 2.125
  }
}